Artist Name,Twitter
[SIRSU] Ameer Suhayb Carter / @sirsuhayb ,@sirsuhayb
Dillon / ATM / @dillonatm,@dillonatm
Darren Dempster / @Loizano,Twitter.com/that__boricua
Shinji Akhirah @shinji_akhirah,https://twitter.com/shinji_akhirah
Will Nichols ,@nevermindwill
Faith-Love W. / @Izzyalright,https://twitter.com/Izzyalright
Aaleah Lancaster / @artbyaili - lan.aili.art@gmail.com,https://twitter.com/artbyaili
Dominique Twyman / @artbydomo,https://twitter.com/_bydomo
Enrico Moses / @ArtByEnricoMoses,https://twitter.com/enricomoses
Jahmel Reynolds / Jah / @artbyjah,https://twitter.com/artbyjah
Bria Thomas / @briamakesit,https://twitter.com/thenamesbria_
Ciara Bourne / @ciaradesign_,https://twitter.com/ciaradesign_
Emmanuel Okoye / @extrastu1,https://Twitter.com/extrastu1
Sean Williams / @iartsometimes,https://twitter.com/iartsometimes
Mark Wilson @Surfdontfall,https://twitter.com/surfdontfall
Kai @akaimorton,Https://twitter.com/akaimorton
Lyonna Lyu / @LyonnaLyu,https://twitter.com/lyonnalyu
Maxwell Step / @maxwell_step,https://twitter.com/maxwell_step
Michael Felder / @misterfelder,https://twitter.com/misterfelder
Rachel Smithers @racheldenisexx @racheldenisexo,https://twitter.com/racheldenisexx
Ruben Alexander,https://twitter.com/RubenAlexand3r
Sempy / @SempyArts,https://twitter.com/SempyArts
Faniqua Silver,https://twitter.com/BredSilver
Thato / @can_of_hands,https://twitter.com/can_of_hands
Ben Harriott / @UrBen,https://twitter.com/urben
"Otha ""Vakseen"" Davis III  -  @Vakseen",https://twitter.com/vakseen
Voke / @VeeArt7,https://twitter.com/VeeArt7
ZON / @ZexonONerotaki,https://twitter.com/ZexonONerotaki
Bobbi Thee Bad Guy @bawbicai,https://twitter.com/bawbicai
Carlos Marcial / @carlosmarcialt,https://twitter.com/carlosmarcialt
Cedrick Gustave,https://twitter.com/cedrickgustave
Craig Blackmoore (BLKMRE) / @sirblackmoore,
CryptoTreeLab/@cryptotreeE,https://twitter.com/cryptotreee
CX_Kariiwe @Naphthali1,https://twitter.com/Naphthali1?s=09
Dev Moore (Felt Zine),@devmoore
Dimithry Victor,https://twitter.com/dimithryv
Itzel Yard /@ix.shells,twitter.com/ix_shells
James Owen / @_james_owen_,https://twitter.com/_james_owen_
Jazmine / @BLACKKSNEAKERS,https://twitter.com/BLACKKSNEAKERS
Kris Graves / @kgpnyc,https://twitter.com/kgpnyc
Lane Stewart / @lanestewart,http://twitter.com/lanestewart
Leeaux,
Luke Beckford @ALLTHESEFLOWSXX,http://twitter.com/lukevoice
Luz/ @sikotic4,https://twitter.com/sikotic4
Mark Digital HD (Felt Zine),@markdigitalhd
Niall Ashley / @niallashley_,https://twitter.com/niallashley_
Paola / @les_dore,https://twitter.com/les_dore
peenpoon,https://twitter.com/peenpoontweets
Samer Dabra / @Spongenuity,https://twitter.com/Spongenuity
Takee (CryptoCityNFT). [BAME],https://twitter.com/Crypto_city_nft
Tayo Ladipo / @TAYODAMNSHOES ,
Yosnier,https://twitter.com/Yosnier_
Zack Fox / @zackfox,https://twitter.com/zackfox